,Product_name,Prices_List
0,"OnePlus 10T 5G (Jade Green, 256 GB)","₹48,990"
1,"OPPO Reno8 Pro 5G (Glazed Black, 256 GB)","₹43,880"
2,"OPPO Reno8 Pro 5G (Glazed Green, 256 GB)","₹45,999"
3,"Tecno Phantom V Flip 5G (Iconic Black, 256 GB)","₹49,999"
4,"APPLE iPhone 8 Plus (Gold, 64 GB)","₹49,900"
5,"vivo X60 (Midnight Black, 256 GB)","₹46,990"
6,"Xiaomi 12 Pro 5G (Noir Black, 256 GB)","₹47,999"
7,"OPPO Reno7 Pro 5G (Startrails Blue, 256 GB)","₹47,990"
8,"OPPO Reno7 Pro 5G (Starlight Black, 256 GB)","₹47,990"
9,"APPLE iPhone 8 Plus (Silver, 64 GB)","₹49,900"
10,"APPLE iPhone 8 Plus (Space Grey, 64 GB)","₹49,900"
11,"APPLE iPhone 12 (Blue, 64 GB)","₹42,999"
12,"Nothing Phone (2) (White, 512 GB)","₹44,999"
13,"vivo V29 Pro 5G (Black, 256 GB)","₹42,999"
14,"OnePlus 11R 5G (Galactic Silver, 256 GB)","₹44,990"
15,"OPPO Reno10 Pro 5G (Silvery Grey, 256 GB)","₹37,999"
16,"APPLE iPhone 12 (White, 64 GB)","₹42,999"
17,"APPLE iPhone 12 (Black, 64 GB)","₹42,999"
18,"Nothing Phone (2) (Dark Grey, 256 GB)","₹42,999"
19,"Nothing Phone (2) (White, 256 GB)","₹41,999"
20,"Samsung Galaxy S21 FE 5G with Snapdragon 888 (Graphite, 256 GB)","₹41,999"
21,"APPLE iPhone 12 (Green, 64 GB)","₹42,999"
22,"OnePlus 11R 5G (Sonic Black, 128 GB)","₹39,975"
23,"vivo V27 5G (Magic Blue, 256 GB)","₹36,999"
24,"APPLE iPhone 11 (White, 64 GB)","₹43,900"
25,"OPPO Reno10 Pro 5G (Glossy Purple, 256 GB)","₹35,989"
26,"vivo V27 Pro 5G (Magic Blue, 256 GB)","₹42,999"
27,"vivo V27 Pro 5G (Magic Blue, 128 GB)","₹37,999"
28,"vivo V27 Pro 5G (Magic Blue, 256 GB)","₹39,999"
29,"Xiaomi 12 Pro 5G (Noir Black, 256 GB)","₹41,999"
30,"APPLE iPhone 11 (Black, 64 GB)","₹43,900"
31,"vivo X80 (Cosmic Black, 128 GB)","₹41,990"
32,"vivo V27 5G (Noble Black, 256 GB)","₹40,999"
33,"APPLE iPhone 11 (Red, 64 GB)","₹43,900"
34,"IQOO Neo 7 pro (Fearless Flame, 256 GB)","₹39,945"
35,"Mi 10T (Lunar Silver, 128 GB)","₹22,999"
36,"vivo X80 5G (Urban Blue, 128 GB)","₹43,990"
37,"vivo X80 (Urban Blue, 128 GB)","₹40,490"
38,"vivo V23 Pro 5G (Sunshine Gold, 128 GB)","₹41,990"
39,"vivo V23 Pro 5G (Stardust Black, 128 GB)","₹38,990"
40,"SAMSUNG Galaxy A72 (Awesome Violet, 128 GB)","₹41,999"
41,"OnePlus 10T 5G (Jade Green, 128 GB)","₹44,899"
42,"SAMSUNG Galaxy A73 5G (Awesome Gray, 128 GB)","₹41,999"
43,"vivo V25 Pro 5G (Pure Black, 256 GB)","₹42,999"
44,"IQOO 9T 5G (LEGEND, 128 GB)","₹41,990"
45,"realme X50 Pro (Moss Green, 128 GB)","₹27,999"
46,"SAMSUNG Galaxy A73 5G (Awesome Mint, 256 GB)","₹44,999"
47,"APPLE iPhone 7 Plus (Gold, 128 GB)","₹42,900"
48,"SAMSUNG Galaxy A73 5G (Awesome Mint, 256 GB)","₹44,999"
49,"APPLE iPhone 7 Plus (Gold, 128 GB)","₹42,900"
50,"SAMSUNG Galaxy S22 5G (Phantom Black, 128 GB)","₹39,999"
51,"SAMSUNG Galaxy S22 5G (Phantom White, 128 GB)","₹39,999"
52,"Google Pixel 7 (Lemongrass, 128 GB)","₹39,999"
53,"Google Pixel 7 (Snow, 128 GB)","₹39,999"
54,"SAMSUNG Galaxy S22 5G (Green, 128 GB)","₹39,999"
55,"Google Pixel 7a (Charcoal, 128 GB)","₹37,999"
56,"Google Pixel 7 (Obsidian, 128 GB)","₹39,999"
57,"Google Pixel 7a (Sea, 128 GB)","₹37,999"
58,"Google Pixel 7a (Snow, 128 GB)","₹37,999"
59,"Nothing Phone (2) (White, 128 GB)","₹39,999"
60,"Google Pixel 7a (Coral, 128 GB)","₹37,999"
61,"vivo V29 5G (Blue, 256 GB)","₹36,999"
62,"vivo V29 5G (Red, 128 GB)","₹32,999"
63,"vivo V29 5G (Red, 256 GB)","₹36,999"
64,"vivo V29 5G (Black, 256 GB)","₹36,999"
65,"Honor 90 5G (Midnight Black, 512 GB)","₹32,399"
66,"Honor 90 5G (Diamond Silver, 256 GB)","₹31,999"
67,"vivo V29 Pro 5G (Black, 256 GB)","₹39,999"
68,"vivo V29 Pro 5G (Blue, 256 GB)","₹39,999"
69,"vivo V27 5G (Noble Black, 128 GB)","₹32,999"
70,"SAMSUNG Galaxy A54 5G (Awesome Violet, 256 GB)","₹38,999"
71,"vivo V27 5G (Magic Blue, 128 GB)","₹32,999"
72,"SAMSUNG Galaxy A34 5G (Awesome Graphite, 256 GB)","₹30,999"
73,"SAMSUNG Galaxy A54 5G (Awesome Graphite, 128 GB)","₹36,999"
74,"OnePlus 10R (Sierra Black, 128 GB)","₹26,470"
75,"Nothing Phone (2) (Dark Grey, 128 GB)","₹39,999"
76,"SAMSUNG Galaxy A54 5G (Awesome Graphite, 256 GB)","₹38,999"
77,"SAMSUNG Galaxy A53 (Awesome Peach, 128 GB)","₹29,999"
78,"OnePlus 11R 5G (Sonic Black, 128 GB)","₹39,990"
79,"SAMSUNG Galaxy A54 5G (Awesome Violet, 128 GB)","₹36,999"
80,"OnePlus Nord 3 5G (Misty Green, 256 GB)","₹37,638"
81,"OnePlus Nord 3 5G (Tempest Gray, 256 GB)","₹36,997"
82,"OPPO Reno8T 5G (Midnight Black, 128 GB)","₹29,999"
83,"OnePlus 10R (Forest Green, 128 GB)","₹27,890"
84,"vivo V27 Pro 5G (Noble Black, 128 GB)","₹37,999"
85,"SAMSUNG Galaxy A53 (Awesome Blue, 256 GB)","₹34,999"
86,"Honor 90 5G (Emerald Green, 512 GB)","₹32,399"
87,"APPLE iPhone 11 (White, 128 GB)","₹48,900"
88,"SAMSUNG Galaxy A73 5G (Awesome Gray, 256 GB)","₹49,490"
89,"OPPO Reno8 Pro 5G - House of The Dragon (House of The Dragon, 256 GB)","₹45,999"
90,"vivo X80 5G (Cosmic Black, 128 GB)","₹41,799"
91,"SAMSUNG Galaxy A52s 5G (Awesome Black, 128 GB)","₹40,999"
92,"SAMSUNG Galaxy A73 5G (Awesome White, 128 GB)","₹41,799"
93,"OnePlus 7T Pro Mclaren Limited Edition (Papaya Orange, 256 GB)","₹44,990"
94,"OnePlus 11R 5G (Galactic Silver, 128 GB)","₹39,984"
95,"OnePlus 11R 5G (Sonic Black, 128 GB)","₹39,499"
96,"SAMSUNG Galaxy S22 5G (Bora Purple, 128 GB)","₹39,999"
97,"SAMSUNG Galaxy A54 5G (Awesome White, 256 GB)","₹38,999"
98,"Mi 10T (Cosmic Black, 128 GB)","₹22,990"
99,"realme GT Neo 3 (Asphalt Black, 256 GB)","₹38,999"
100,"realme GT Neo 3 (Sprint White, 256 GB)","₹38,999"
101,"realme GT Neo 3 (Nitro Blue, 256 GB)","₹38,999"
102,"vivo V25 5G (Surfing Blue, 256 GB)","₹29,499"
103,"Tecno Phantom X2 5G Dual Curved AMOLED Display (Stardust Grey, 256 GB)","₹34,299"
104,"vivo V25 Pro 5G (Sailing Blue, 128 GB)","₹35,999"
105,"realme GT Neo 3 (150W - Thor Limited Edition) (Nitro Blue, 256 GB)","₹36,999"
106,"SAMSUNG Galaxy A53 (Awesome Blue, 128 GB)","₹33,499"
107,"realme GT NEO 3 (150W) (Asphalt Black, 256 GB)","₹36,999"
108,"realme GT NEO 3 (150W) (Sprint White, 256 GB)","₹36,999"
109,"OnePlus 10R 5G (Forest Green, 256 GB)","₹36,099"
110,"Mi 10T (Cosmic Black, 128 GB)","₹23,999"
111,"realme GT NEO 2 (NEO Blue, 256 GB)","₹35,999"
112,"Nokia 9 (Blue, 128 GB)","₹39,999"
113,"vivo V25 Pro 5G (Sailing Blue, 256 GB)","₹39,999"
114,"vivo V25 Pro 5G (Pure Black, 128 GB)","₹35,999"
115,"Honor 90 5G (Emerald Green, 256 GB)","₹30,999"
116,"Tecno Phantom X2 5G Dual Curved AMOLED Display (Moonlight Silver, 256 GB)","₹34,299"
117,"IQOO 9 5G (Legend, 256 GB)","₹39,990"
118,"realme GT NEO 3 (150W) (Nitro Blue, 256 GB)","₹36,999"
119,"OPPO Reno5 Pro 5G (Starry Black, 128 GB)","₹32,990"
120,"Tecno Phantom X2 5G Dual Curved AMOLED Display (Moonlight Silver, 256 GB)","₹34,299"
121,"IQOO 9 5G (Legend, 256 GB)","₹39,990"
122,"realme GT NEO 3 (150W) (Nitro Blue, 256 GB)","₹36,999"
123,"OPPO Reno5 Pro 5G (Starry Black, 128 GB)","₹32,990"
124,"OPPO Reno5 Pro 5G (Astral Blue, 128 GB)","₹35,990"
125,"OnePlus 8T 5G (Lunar Silver, 256 GB)","₹35,590"
126,"OnePlus 6 (Mirror Black, 128 GB)","₹37,999"
127,"POCO F3 GT 5G (Predator Black, 256 GB)","₹36,999"
128,"Huawei P9 (Mystic Silver, 32 GB)","₹39,999"
129,"IQOO 3 (Quantum Silver, 128 GB)","₹37,990"
130,"OPPO Reno6 Pro 5G (Aurora, 256 GB)","₹39,990"
131,"APPLE iPhone 8 (Gold, 64 GB)","₹39,900"
132,"APPLE iPhone 14 (Blue, 128 GB)","₹58,999"
133,"APPLE iPhone 14 (Starlight, 128 GB)","₹59,999"
134,"APPLE iPhone 14 (Midnight, 128 GB)","₹59,999"
135,"SAMSUNG Galaxy F14 5G (OMG Black, 128 GB)","₹12,490"
136,"SAMSUNG Galaxy F14 5G (GOAT Green, 128 GB)","₹12,490"
137,"APPLE iPhone 14 (Purple, 128 GB)","₹59,999"
138,"APPLE iPhone 14 Plus (Midnight, 128 GB)","₹67,999"
139,"APPLE iPhone 14 Plus (Starlight, 128 GB)","₹67,999"
140,"APPLE iPhone 14 Plus (Purple, 128 GB)","₹67,999"
141,"POCO C55 (Cool Blue, 128 GB)","₹7,499"
142,"POCO C51 (Royal Blue, 64 GB)","₹5,999"
143,"POCO C55 (Forest Green, 64 GB)","₹6,499"
144,"vivo T2x 5G (Marine Blue, 128 GB)","₹12,999"
145,"vivo T2x 5G (Aurora Gold, 128 GB)","₹12,999"
146,"vivo T2x 5G (Glimmer Black, 128 GB)","₹12,999"
147,"vivo T2x 5G (Glimmer Black, 128 GB)","₹14,999"
148,"vivo T2x 5G (Aurora Gold, 128 GB)","₹11,999"
149,"vivo T2x 5G (Glimmer Black, 128 GB)","₹11,999"
150,"vivo T2x 5G (Marine Blue, 128 GB)","₹11,999"
151,"vivo T2x 5G (Marine Blue, 128 GB)","₹14,999"
152,"MOTOROLA Edge 40 Neo (Black Beauty, 256 GB)","₹24,999"
153,"POCO C51 (Royal Blue, 64 GB)","₹5,999"
154,"POCO C55 (Forest Green, 64 GB)","₹6,499"
155,"SAMSUNG Galaxy F34 5G (Electric Black, 128 GB)","₹16,499"
156,"OnePlus Nord CE 2 Lite 5G (Blue Tide, 128 GB)","₹17,048"
157,"POCO C55 (Cool Blue, 128 GB)","₹7,499"
158,"MOTOROLA g54 5G (Pearl Blue, 128 GB)","₹13,999"
159,"SAMSUNG Galaxy F34 5G (Orchid Violet, 128 GB)","₹16,499"
160,"MOTOROLA Edge 40 Neo (Soothing Sea, 256 GB)","₹24,999"
161,"vivo T2 5G (Nitro Blaze, 128 GB)","₹18,999"
162,"vivo T2 5G (Velocity Wave, 128 GB)","₹18,999"
163,"vivo T2 Pro 5G (New Moon Black, 256 GB)","₹24,999"
164,"SAMSUNG Galaxy F14 5G (OMG Black, 128 GB)","₹11,490"
165,"vivo T2 Pro 5G (Dune Gold, 128 GB)","₹23,999"
166,"vivo T2 Pro 5G (Dune Gold, 256 GB)","₹24,999"
167,"vivo T2 5G (Velocity Wave, 128 GB)","₹16,999"
168,"Infinix HOT 30i (Diamond White, 128 GB)","₹8,299"
169,"Infinix HOT 30i (Glacier Blue, 128 GB)","₹8,299"
170,"Infinix HOT 30i (Marigold, 128 GB)","₹8,299"
171,"MOTOROLA g84 5G (Viva Magneta, 256 GB)","₹18,999"
172,"MOTOROLA g14 (Butter Cream, 128 GB)","₹8,499"
173,"Infinix HOT 30i (Mirror Black, 64 GB)","₹7,499"
174,"Infinix HOT 30i (Diamond White, 64 GB)","₹7,499"
175,"REDMI Note 12 Pro 5G (Glacier Blue, 128 GB)","₹20,999"
176,"SAMSUNG Galaxy F13 (Waterfall Blue, 64 GB)","₹8,199"
177,"MOTOROLA g14 (Pale Lilac, 128 GB)","₹8,499"
178,"MOTOROLA g14 (Sky Blue, 128 GB)","₹8,499"
179,"realme C53 (Champion Black, 128 GB)","₹9,999"
180,"REDMI 12 (Jade Black, 128 GB)","₹10,999"
181,"Infinix HOT 30i (Mirror Black, 128 GB)","₹8,299"
182,"realme C53 (Champion Black, 64 GB)","₹9,999"
183,"realme C53 (Champion Gold, 64 GB)","₹9,999"
184,"SAMSUNG Galaxy F54 5G (Meteor Blue, 256 GB)","₹24,999"
185,"POCO M6 Pro 5G (Power Black, 128 GB)","₹10,499"
186,"OnePlus 10R 5G (Sierra Black, 256 GB)","₹39,999"
187,"SAMSUNG Galaxy A52s 5G (Awesome White, 128 GB)","₹37,999"
188,"Apple iPhone XR ((PRODUCT)RED, 64 GB) (Includes EarPods, Power Adapter)","₹36,999"
189,"SAMSUNG Galaxy A52s 5G (Awesome Black, 128 GB)","₹37,999"
190,"Xiaomi 11T Pro 5G Hyperphone (Meteorite Black, 256 GB)","₹39,000"
191,"SAMSUNG A52s 5G (Awesome Black, 128 GB)","₹38,999"
192,"Infinix SMART 7 (Night Black, 64 GB)","₹6,999"
193,"MOTOROLA e13 (Cosmic Black, 64 GB)","₹6,499"
194,"SAMSUNG Galaxy F13 (Sunrise Copper, 64 GB)","₹8,199"
195,"realme C51 (Mint Green, 64 GB)","₹8,999"
196,"MOTOROLA g14 (Sky Blue, 128 GB)","₹8,499"
197,"SAMSUNG Galaxy F34 5G (Orchid Violet, 128 GB)","₹16,499"
198,"SAMSUNG Galaxy F34 5G (Mystic Green, 128 GB)","₹16,499"
199,"realme C51 (Carbon Black, 64 GB)","₹8,999"
200,"POCO M6 Pro 5G (Forest Green, 128 GB)","₹10,499"
201,"MOTOROLA g54 5G (Mint Green, 256 GB)","₹15,999"
202,"SAMSUNG Galaxy F13 (Nightsky Green, 64 GB)","₹8,199"
203,"POCO X5 5G (Supernova Green, 256 GB)","₹14,999"
204,SAMSUNG GURU MUSIC 2,"₹1,965"
205,"realme C53 (Champion Black, 128 GB)","₹10,999"
206,"MOTOROLA g14 (Pale Lilac, 128 GB)","₹8,499"
207,"realme 11x 5G (Purple Dawn, 128 GB)","₹15,999"
208,"MOTOROLA g14 (Butter Cream, 128 GB)","₹8,499"
209,"realme C53 (Champion Gold, 128 GB)","₹10,999"
210,"SAMSUNG Galaxy S23 Ultra 5G (Green, 256 GB)","₹1,24,999"
211,"realme 11x 5G (Purple Dawn, 128 GB)","₹14,999"
212,"POCO X5 Pro 5G (Astral Black, 128 GB)","₹17,999"
213,"realme C53 (Champion Black, 128 GB)","₹9,999"
214,"POCO X5 5G (Wildcat Blue, 256 GB)","₹14,999"
215,"SAMSUNG Galaxy F04 (Jade Purple, 64 GB)","₹6,799"
216,"POCO M6 Pro 5G (Power Black, 128 GB)","₹10,499"
217,"realme C53 (Champion Gold, 64 GB)","₹9,999"
218,SAMSUNG Guru Music 2 SM-B315E,"₹1,999"
219,"realme C53 (Champion Black, 64 GB)","₹9,999"
220,"MOTOROLA g84 5G (Viva Magneta, 256 GB)","₹18,999"
221,"MOTOROLA Edge 40 (Nebula Green, 256 GB)","₹26,499"
222,"OnePlus Nord CE 3 Lite 5G (Pastel Lime, 128 GB)","₹19,598"
223,"realme C53 (Champion Gold, 128 GB)","₹9,999"
224,"OnePlus Nord CE 3 Lite 5G (Pastel lime, 256 GB)","₹21,890"
225,"OnePlus Nord CE 3 Lite 5G (Chromatic Gray, 256 GB)","₹21,882"
226,"Samsung Galaxy S21 FE 5G with Snapdragon 888 (Olive, 128 GB)","₹33,999"
227,"Infinix HOT 30i (Marigold, 128 GB)","₹8,299"
228,"SAMSUNG Galaxy F34 5G (Mystic Green, 128 GB)","₹18,499"
229,"MOTOROLA e13 (Cosmic Black, 128 GB)","₹7,499"
230,"realme 11 Pro+ 5G (Sunrise Beige, 256 GB)","₹26,999"
231,"REDMI 12 (Pastel Blue, 128 GB)","₹10,999"
232,"realme 11 5G (Glory Gold, 256 GB)","₹18,999"
233,"MOTOROLA g14 (Steel Gray, 128 GB)","₹8,499"
234,"realme 11 Pro+ 5G (Oasis Green, 256 GB)","₹26,999"
235,"realme 11x 5G (Midnight Black, 128 GB)","₹15,999"
236,"Samsung Galaxy S21 FE 5G with Snapdragon 888 (Navy, 128 GB)","₹33,999"
237,"realme 11 5G (Glory Black, 128 GB)","₹16,999"
238,"SAMSUNG Galaxy F54 5G (Meteor Blue, 256 GB)","₹24,999"
239,"Infinix Note 30 5G (Sunset Gold, 128 GB)","₹14,499"
240,"SAMSUNG Galaxy M14 5G (Smoky Teal, 128 GB)","₹13,176"
241,"realme 11 Pro+ 5G (Astral Black, 256 GB)","₹26,999"
242,"POCO M5 (Icy Blue, 128 GB)","₹8,999"
243,"SAMSUNG Galaxy S21 FE 5G (Olive Green, 128 GB)","₹31,999"
244,"POCO C51 (Royal Blue, 128 GB)","₹6,999"
245,"REDMI A2 (Sea Green, 64 GB)","₹5,760"
246,"Nokia 105 Single SIM, Keypad Mobile Phone with Wireless FM Radio","₹1,299"
247,"Nokia 105 Single SIM, Keypad Mobile Phone with Wireless FM Radio","₹1,299"
248,"Nokia 105 Single SIM, Keypad Mobile Phone with Wireless FM Radio","₹1,299"
249,"realme 11 Pro 5G (Sunrise Beige, 256 GB)","₹27,999"
250,"Infinix NOTE 12i (Force Black, 64 GB)","₹8,499"
251,"OPPO Reno10 5G (Ice Blue, 256 GB)","₹32,999"
252,"POCO X5 5G (Supernova Green, 128 GB)","₹13,999"
253,"Samsung Galaxy S21 FE 5G with Snapdragon 888 (Graphite, 128 GB)","₹33,999"
254,"SAMSUNG Galaxy F13 (Waterfall Blue, 128 GB)","₹9,199"
255,"realme 11 5G (Glory Gold, 128 GB)","₹18,999"
256,"OnePlus Nord CE 3 Lite 5G (Chromatic Gray, 128 GB)","₹19,642"
257,SAMSUNG Guru Music 2,"₹1,999"
258,"Infinix NOTE 12i (Alpine White, 64 GB)","₹8,499"
259,"REDMI 12 (Moonstone Silver, 128 GB)","₹10,999"
260,"SAMSUNG Galaxy S23 Ultra 5G (Cream, 256 GB)","₹1,24,999"
261,"POCO M6 Pro 5G (Forest Green, 256 GB)","₹13,499"
262,"SAMSUNG Galaxy F54 5G (Stardust Silver, 256 GB)","₹24,999"
263,"Infinix SMART 7 (Night Black, 128 GB)","₹7,299"
264,"realme 11 Pro 5G (Sunrise Beige, 128 GB)","₹22,999"
265,"Samsung Galaxy S21 FE 5G with Snapdragon 888 (Graphite, 128 GB)","₹33,999"
266,"realme 11 Pro+ 5G (Astral Black, 256 GB)","₹26,999"
267,"Infinix HOT 30 5G (Aurora Blue, 128 GB)","₹12,999"
268,"REDMI A2 (Classic Black, 64 GB)","₹6,480"
269,"REDMI 12 (Moonstone Silver, 128 GB)","₹10,999"
270,"POCO C51 (Power Black, 128 GB)","₹6,999"
271,SAMSUNG Guru Music 2,"₹1,949"
272,"REDMI Note 12 Pro 5G (Glacier Blue, 256 GB)","₹22,999"
273,"Infinix NOTE 12i (Alpine White, 64 GB)","₹8,499"
274,"REDMI 12 5G (Moonstone Silver, 256 GB)","₹15,685"
275,"POCO M4 5G (Cool Blue, 128 GB)","₹11,999"
276,"REDMI 12C (Matte Black, 64 GB)","₹7,999"
277,"realme 11 Pro 5G (Oasis Green, 256 GB)","₹24,999"
278,"APPLE iPhone 15 (Blue, 128 GB)","₹76,990"
279,SAMSUNG Guru 1200,"₹1,789"
280,"vivo V29 5G (Black, 128 GB)","₹32,999"
281,"MOTOROLA Edge 40 (Viva Magenta, 256 GB)","₹26,499"
282,"realme 11 Pro 5G (Oasis Green, 128 GB)","₹22,999"
283,"REDMI A2 (Sea Green, 32 GB)","₹5,799"
284,"APPLE iPhone 15 (Black, 128 GB)","₹76,990"
285,itel Magic X Pro 4G| 2500mAh Big Battery| Expandable Storage upto 64GB,"₹1,777"
286,"Infinix HOT 30 5G (Knight Black, 128 GB)","₹12,999"
287,"Infinix Zero 30 5G (Fantasy Purple, 256 GB)","₹22,999"
288,"REDMI A2 (Aqua Blue, 32 GB)","₹5,899"
289,"Infinix HOT 30 5G (Aurora Blue, 128 GB)","₹11,499"
290,"vivo V29 5G (Blue, 128 GB)","₹32,999"
291,"Infinix Smart 7 HD (Silk Blue, 64 GB)","₹5,999"
292,"Infinix Smart 7 HD (Jade White, 64 GB)","₹5,999"
293,"Infinix Smart 7 HD (Green Apple, 64 GB)","₹5,999"
294,"Infinix Smart 7 HD (Ink Black, 64 GB)","₹5,999"
295,SAMSUNG Guru Music 2,"₹1,999"
296,"SAMSUNG Galaxy M14 5G (Icy Silver, 128 GB)","₹13,340"
297,"REDMI Note 12 Pro 5G (Stardust Purple, 256 GB)","₹25,999"
298,"vivo V29e 5G (Artistic Blue, 128 GB)","₹26,999"
299,"REDMI 12 5G (Moonstone Silver, 128 GB)","₹12,564"
300,"POCO M4 5G (Power Black, 128 GB)","₹11,999"
301,"Infinix Zero 30 5G (Rome Green, 256 GB)","₹22,999"
302,"OnePlus Nord CE3 5G (Grey Shimmer, 256 GB)","₹28,879"
303,"OnePlus Nord CE3 5G (Aqua Surge, 256 GB)","₹28,088"
304,"MOTOROLA Edge 40 (Eclipse Black, 256 GB)","₹26,499"
305,"OnePlus Nord CE3 5G (Aqua Surge, 128 GB)","₹24,684"
306,"OnePlus Nord CE3 5G (Grey Shimmer, 128 GB)","₹24,923"
307,"REDMI Note 12 (Ice Blue, 64 GB)","₹11,999"
308,"REDMI Note 12 (Lunar Black, 64 GB)","₹11,999"
309,"realme 10 (Rush Black, 128 GB)","₹12,999"
310,"REDMI A2 (Aqua Blue, 64 GB)","₹5,759"
311,"REDMI Note 12 5G (Frosted Green, 128 GB)","₹16,999"
312,"POCO M5 (Power Black, 64 GB)","₹7,999"
313,"REDMI 12 5G (Moonstone Silver, 256 GB)","₹15,685"
314,"REDMI Note 12 (Lunar Black, 128 GB)","₹13,999"
315,"Infinix Note 30 5G (Magic Black, 128 GB)","₹14,499"
316,"Google Pixel 7 Pro (Hazel, 128 GB)","₹61,999"
317,itel Power110Neo|2500 mAh battery| Expandable Storage Upto 32GB,"₹1,298"
318,"vivo V29 5G (Black, 128 GB)","₹32,999"
319,SAMSUNG Guru Music 2,"₹1,799"
320,SAMSUNG Guru Music 2,"₹1,949"
321,"POCO M4 5G (Yellow, 128 GB)","₹11,999"
322,"SAMSUNG Galaxy F34 5G (Electric Black, 128 GB)","₹18,499"
323,Micromax X512,"₹1,065"
324,SAMSUNG Guru Music 2,"₹2,499"
325,"POCO X5 Pro 5G (Yellow, 256 GB)","₹22,999"
326,"vivo V29 5G (Blue, 128 GB)","₹32,999"
327,"REDMI Note 12 Pro+ 5G (Obsidian Black, 256 GB)","₹27,999"
328,itel Power 200|2500 mAh battery|Expandable Storage upto 32GB,"₹1,349"
329,"OPPO Reno10 5G (Silvery Grey, 256 GB)","₹32,999"
330,"Google Pixel 7 Pro (Obsidian, 128 GB)","₹61,999"
331,"POCO F5 5G (Carbon Black, 256 GB)","₹26,999"
332,"realme 11 Pro 5G (Astral Black, 256 GB)","₹24,999"
333,"realme 11 Pro 5G (Sunrise Beige, 256 GB)","₹24,999"
334,"realme 11 Pro 5G (Sunrise Beige, 128 GB)","₹22,999"
335,"POCO F5 5G (Electric Blue, 256 GB)","₹26,999"
336,"realme 10 (Clash White, 64 GB)","₹9,999"
337,"POCO F5 5G (Electric Blue, 256 GB)","₹26,999"
338,"POCO M5 (Power Black, 128 GB)","₹8,999"
339,"itel A60S (GLACIER GREEN, 128 GB)","₹6,568"
340,"REDMI Note 12 Pro+ 5G (Iceberg Blue, 256 GB)","₹27,999"
341,"OPPO A78 5G (Glowing Blue, 128 GB)","₹16,469"
342,"itel A60S (Moonlit Violet, 128 GB)","₹6,670"
343,Nokia 105 CLASSIC,"₹1,239"
344,"REDMI A2+ (Sea Green, 128 GB)","₹7,510"
345,"I Kall Z19Pro Ultra (Blue, 128 GB)","₹7,999"
346,"SAMSUNG Galaxy M34 5G without charger (Prism Silver, 128 GB)","₹16,587"
347,SAMSUNG Guru Music 2,"₹1,799"
348,"Google Pixel 7 Pro (Snow, 128 GB)","₹61,999"
349,"REDMI Note 12 Pro+ 5G (Obsidian Black, 256 GB)","₹27,999"
350,"REDMI Note 12 5G (Mystique Blue, 256 GB)","₹18,999"
351,SAMSUNG Guru Music 2,"₹2,499"
352,"REDMI A2+ (Aqua Blue, 128 GB)","₹7,395"
353,"POCO M4 5G (Yellow, 128 GB)","₹11,999"
354,"REDMI Note 12 Pro 5G (Stardust Purple, 128 GB)","₹20,999"
355,"Google Pixel 8 Pro (Obsidian, 128 GB)","₹1,06,999"
356,"Google Pixel 8 Pro (Bay, 128 GB)","₹1,06,999"
357,"OnePlus Nord CE 3 Lite 5G (Chromatic Gray, 256 GB)","₹21,970"
358,"SAMSUNG Galaxy S21 FE 5G (Olive Green, 128 GB)","₹31,999"
359,"Nokia 130 Music Dual Sim, Music Player, Wireless FM Radio and Dedicated Music Buttons","₹1,999"
360,"realme 11 Pro 5G (Oasis Green, 128 GB)","₹22,999"
361,"SAMSUNG Galaxy F34 5G (Orchid Violet, 128 GB)","₹18,499"
362,"OnePlus Nord CE 3 Lite 5G (Chromatic Gray, 128 GB)","₹19,814"
363,"REDMI Note 12 Pro 5G (Stardust Purple, 128 GB)","₹20,999"
364,"Infinix HOT 20 Play (Luna Blue, 64 GB)","₹7,499"
365,"Infinix HOT 20 Play (Racing Black, 64 GB)","₹7,499"
366,"REDMI Note 12 Pro 5G (Stardust Purple, 256 GB)","₹25,999"
367,MOTOROLA Moto A10E,"₹1,374"
368,Nokia 105 ss,"₹1,319"
369,Micromax X412,₹900
370,"Infinix Zero 30 5G (Rome Green, 256 GB)","₹22,999"
371,"POCO X5 Pro 5G (Horizon Blue, 256 GB)","₹22,999"
372,"Nokia 105 Single SIM, Keypad Mobile Phone with Wireless FM Radio","₹1,345"
373,"itel A60S (Moonlit Violet, 128 GB)","₹6,670"
374,"SAMSUNG Galaxy M14 5G (Berry Blue, 128 GB)","₹13,358"
375,Micromax X778,"₹1,485"
376,"OnePlus Nord CE3 5G (Grey Shimmer, 256 GB)","₹28,879"
377,"OnePlus Nord CE3 5G (Grey Shimmer, 128 GB)","₹24,923"
378,Kechaoda A27,₹975
379,Micromax X412,₹909
380,"OnePlus Nord CE3 5G (Aqua Surge, 128 GB)","₹24,684"
381,"itel it2163s 4.5cm,1200mAh,BT Caller,12+1 Month Warranty with 111 Days Replacement",₹949
382,"vivo V29e 5G (Artistic Blue, 128 GB)","₹26,999"
383,"OPPO A58 (Glowing Black, 128 GB)","₹12,190"
384,"SAMSUNG Galaxy M04 (Light Green, 64 GB)","₹7,734"
385,"Google Pixel 7 Pro (Obsidian, 128 GB)","₹61,999"
386,"REDMI 12 (Moonstone Silver, 128 GB)","₹9,499"
387,"Infinix HOT 20 Play (Racing Black, 64 GB)","₹7,499"
388,Nokia 106,"₹1,349"
389,"SAMSUNG Galaxy M34 5G (Waterfall Blue, 128 GB)","₹19,688"
390,"Tecno Spark 10 Pro 50MP Dual Rear Camera (Lunar Eclipse, 128 GB)","₹10,999"
391,MOTOROLA Moto A10E,"₹1,374"
392,MOTOROLA Moto A10E,"₹1,387"
393,Micromax X412,₹900
394,Kechaoda K112,"₹1,580"
395,Kechaoda K112,"₹1,580"
396,KARBONN BHARAT K1 4G,₹948
397,"IQOO Z6 44W (Raven Black, 128 GB)","₹11,999"
398,"SAMSUNG Galaxy M34 5G without charger (Midnight Blue, 128 GB)","₹16,586"
399,itel it5027,"₹1,169"
400,"Tecno Spark Go 2024 (Gravity Black, 64 GB)","₹7,199"
401,"REDMI Note 12 5G (Matte Black, 128 GB)","₹16,999"
402,"OPPO F23 5G (Cool Black, 256 GB)","₹19,990"
403,"Nokia 150 Dual Sim Keypad Phone, Rear Camera, Long Lasting Battery Life and FM Radio","₹2,789"
404,Kechaoda A26,₹975
405,Kechaoda A26,₹965
406,itel it5027,"₹1,169"
407,KARBONN K140 Pop,₹968
408,"Infinix Zero 30 5G (Golden Hour, 256 GB)","₹23,999"
409,Snexian Guru 310,₹609
410,Snexian GURU 310,₹616
411,"REDMI Note 12 Pro+ 5G (Arctic White, 256 GB)","₹27,999"
412,KARBONN KX 29,"₹1,405"
413,KARBONN KX 29,"₹1,409"
414,"realme GT 2 Pro (Paper White, 256 GB)","₹29,999"
415,"vivo Y16 (Steller Black, 64 GB)","₹10,999"
416,"REDMI Note 12 5G (Frosted Green, 256 GB)","₹18,999"
417,"REDMI A2+ (Classic Black, 128 GB)","₹7,393"
418,"POCO M5 (Yellow, 128 GB)","₹8,999"
419,Nokia 105 CLASSIC,"₹1,239"
420,"itel it2163s 4.5cm,1200mAh,BT Caller,12+1 Month Warranty with 111 Days Replacement",₹949
421,"SAMSUNG Galaxy A14 5G (Dark Red, 64 GB)","₹14,499"
422,I Kall K3310,₹729
423,"OPPO A17 (Lake Blue, 64 GB)","₹10,600"
424,Kechaoda K66 The Music House 4,"₹1,190"
425,Kechaoda K28,"₹1,255"
426,KARBONN K140 Pop,₹968
427,KARBONN K140 Pop,₹958
428,"IQOO Z6 44W (Raven Black, 128 GB)","₹11,999"
429,"Infinix Zero 30 5G (Rome Green, 256 GB)","₹23,999"
430,"MOTOROLA Edge 30 Fusion (Cosmic grey, 128 GB)","₹34,999"
431,"REDMI A2+ (Aqua Blue, 128 GB)","₹7,394"
432,"OPPO A58 (Glowing Black, 128 GB)","₹12,190"
433,Cellecor X3,₹969
434,Cellecor X3,₹969
435,Micromax X818,"₹1,536"
436,"Nokia 110 Dual Sim, Keypad Mobile with Wireless FM Radio, Bluetooth and Rear Camera","₹1,749"
437,Micromax X818,"₹1,557"
438,Kechaoda A26_black,₹975
439,"realme Narzo N55 (Prime Blue, 64 GB)","₹10,390"
440,"realme Narzo N55 (Prime Blue, 128 GB)","₹11,017"
441,"OnePlus Nord CE 3 Lite 5G (Chromatic Gray, 128 GB)","₹19,812"
442,"SAMSUNG Galaxy A14 5G (Black, 64 GB)","₹14,499"
443,"MOTOROLA e13 (Creamy White, 128 GB)","₹7,499"
444,"IQOO Z7s 5G (Norway Blue, 128 GB)","₹17,535"
445,SAMSUNG Guru Music 2,"₹1,870"
446,"REDMI Note 12 5G (Matte Black, 256 GB)","₹18,999"
447,"realme Narzo N55 (Prime Black, 128 GB)","₹11,070"
448,IAIR D15 Dual Sim Keypad Phone | 2800 mAH Battery & Big 1.88 Inch Display,₹999
449,Nokia 130 M DS 2023,"₹1,998"
450,"APPLE iPhone 15 (Pink, 128 GB)","₹76,990"
451,"SAMSUNG Galaxy M14 5G (ICY Silver, 128 GB)","₹12,949"
452,"vivo Y16 (Drizzling Gold, 128 GB)","₹10,969"
453,"IQOO Z7S 5G (Pacific Night, 128 GB)","₹18,777"
454,"IQOO Z7s 5G (?Pacific Night, 128 GB)","₹17,568"
455,"realme Narzo N55 (Prime Black, 64 GB)","₹10,389"
456,"SAMSUNG Galaxy A14 5G (Dark Red, 64 GB)","₹14,499"
457,"SAMSUNG Galaxy M04 (Dark Blue, 64 GB)","₹7,690"
458,"MOTOROLA e32 (Eco Black, 64 GB)","₹7,999"
459,"REDMI Note 12 Pro+ 5G (Arctic White, 256 GB)","₹27,999"
460,SAMSUNG Guru Music 2,"₹1,890"
461,"APPLE iPhone 15 (Black, 256 GB)","₹86,990"
462,KARBONN K9 Yuva,"₹1,212"
463,"APPLE iPhone 15 (Blue, 256 GB)","₹86,990"
464,"SAMSUNG Galaxy A14 5G (Black, 128 GB)","₹16,999"
465,"OPPO A17 (Lake Blue, 64 GB)","₹10,600"
466,"IQOO Z7S 5G (Norway Blue, 128 GB)","₹18,559"
467,Nokia 105 SS CLASSIC,"₹1,156"
468,Kechaoda K66 The Music House 4,"₹1,190"
469,Snexian GURU 310,₹649
470,Cellecor X3,₹969
471,I Kall K3310,₹729
472,"Nokia 106 4G Keypad Mobile, Long-Lasting Battery, MicroSD Card Slot","₹2,599"
473,"REDMI 11 Prime (Peppy Purple, 128 GB)","₹10,249"
474,"Nokia 150 Dual Sim Keypad Phone, Rear Camera, Long Lasting Battery Life and FM Radio","₹2,789"
475,KARBONN BHARAT K1 4G,₹938
476,KARBONN K9 Yuva,"₹1,249"
477,"REDMI 12 5G (Pastel Blue, 128 GB)","₹12,190"
478,"SAMSUNG Galaxy M14 5G (Berry Blue, 128 GB)","₹13,785"
479,itel MagicX Play 4G| 1900 mAh battery| Expandable Storage upto 64GB,"₹1,375"
480,"realme Narzo N53 (Feather Gold, 64 GB)","₹9,195"
481,"POCO M4 Pro (Cool Blue, 128 GB)","₹13,999"
482,"realme C55 (Rainy Night, 64 GB)","₹11,999"
483,"realme C55 (Rainforest, 64 GB)","₹11,999"
484,Micromax J22,"₹1,117"
485,"APPLE iPhone 15 Plus (Pink, 128 GB)","₹86,990"
486,IAIR D23 Dual Sim Keypad Phone | 1200 mAH Battery & Big 1.88 Inch Display,₹999
487,LAVA A1 Josh BOL,"₹1,027"
488,Kechaoda K115,"₹1,140"
489,LAVA A3 VIBE,"₹1,318"
490,Micromax J2,₹895
491,"APPLE iPhone 15 Pro Max (Natural Titanium, 256 GB)","₹1,56,990"
492,"Micromax IN Note 1 (Green, 128 GB)","₹16,999"
493,Kechaoda K115,"₹1,099"
494,KARBONN K9 Yuva,"₹1,249"
495,"Nokia 106 4G Keypad Mobile, Long-Lasting Battery, MicroSD Card Slot","₹2,149"
496,"realme C55 (Rainy Night, 64 GB)","₹10,999"
497,Kechaoda K115,"₹1,080"
498,Kechaoda K115,"₹1,090"
499,Micromax J22,"₹1,148"
500,Kechaoda K9,"₹1,249"
501,"SAMSUNG GALAXY M13 (Aqua Green, 64 GB)","₹9,029"
502,Kechaoda K9,"₹1,249"
503,Kechaoda K9,"₹1,249"
504,"SAMSUNG Galaxy A34 5G (Awesome Graphite, 256 GB)","₹30,999"
505,HOTLINE H310,₹645
506,"Tecno Pova 5 45W Ultra Fast Charging 6000mAh Big Battery 3D Textured Design 6.78 FHD (Amber Gold, 128 ...","₹12,239"
507,"I Kall Z19Pro Ultra (champagne, 128 GB)","₹7,999"
508,"Tecno Pova 5 45W Ultra Fast Charging 6000mAh Big Battery 3D Textured Design 6.78 FHD (Mecha Black, 128...","₹12,239"
509,Kechaoda A27,₹975
510,"APPLE iPhone 15 Plus (Blue, 128 GB)","₹86,990"
511,DIZO Star 500,"₹1,520"
512,LAVA A3 VIBE,"₹1,309"
513,Micromax J2,₹889
514,"SAMSUNG Galaxy A34 5G (Awesome Violet, 256 GB)","₹30,999"
515,"POCO M4 Pro (Yellow, 128 GB)","₹13,999"
516,Micromax J2,₹936
517,"APPLE iPhone 15 Pro Max (Black Titanium, 256 GB)","₹1,56,990"
518,Micromax X413,₹889
519,Micromax X413,₹914
520,"APPLE iPhone 15 Plus (Yellow, 128 GB)","₹86,990"
521,Kechaoda A27,₹940
522,DIZO Star 300,"₹1,346"
523,"OPPO A18 (Glowing Blue, 128 GB)","₹11,499"
524,"OPPO A18 (Glowing Black, 128 GB)","₹11,499"
525,Kechaoda K115,"₹1,090"
526,"APPLE iPhone 15 Plus (Pink, 256 GB)","₹96,990"
527,Kechaoda K115,"₹1,090"
528,Kechaoda A27,₹975
529,KARBONN k9 jumbo,"₹1,350"
530,HOTLINE CLASSIC V66,₹659
531,"APPLE iPhone 15 Pro (Blue Titanium, 128 GB)","₹1,31,990"
532,Kechaoda A 27,₹948
533,Kechaoda K115,"₹1,070"
534,KARBONN K9 Yuva,"₹1,264"
535,itel MagicX 4G| 1200 mAh battery| Expanadable Storage upto 64GB,"₹1,749"
536,"OPPO A79 5G (Mystery Black, 128 GB)","₹19,999"
537,"OPPO A79 5G (Glowing Green, 128 GB)","₹19,999"
538,"OPPO A18 (Glowing Black, 64 GB)","₹9,999"
539,"MOTOROLA Edge 30 Fusion (Viva Magenta, 128 GB)","₹34,999"
540,"OPPO A18 (Glowing Blue, 64 GB)","₹9,999"
541,"Tecno Spark 10 50MP AI Dual Rear Camera HD Display (Meta Blue, 128 GB)","₹9,828"
542,"MOTOROLA Edge 30 Fusion (Cosmic grey, 128 GB)","₹34,999"
543,KARBONN K9,"₹1,375"
544,"realme C55 (Sunshower, 64 GB)","₹13,999"
545,Micromax X512,"₹1,128"
546,"Infinix GT10 Pro (Mirage Silver, 256 GB)","₹21,999"
547,"Infinix GT10 Pro (Cyber Black, 256 GB)","₹21,999"
548,"SAMSUNG GALAXY M13 (Stardust Brown, 128 GB)","₹12,040"
549,"realme Narzo 60 5G (Mars Orange, 128 GB)","₹17,722"
550,"realme Narzo 60 5g (Cosmic Black, 256 GB)","₹19,980"
551,"realme Narzo 60 5G (Mars Orange, 256 GB)","₹20,948"
552,"realme Narzo N53 (Feather Black, 128 GB)","₹11,624"
553,SAMSUNG Guru Music 2,"₹1,799"
554,Kechaoda K66 The Music House 4,"₹1,190"
555,"REDMI Note 12 5G (Mystique Blue, 128 GB)","₹16,999"
556,Nokia TA-1174 / TA-1299,"₹1,408"
557,"REDMI 12C (Lavender Purple, 64 GB)","₹7,999"
558,"APPLE iPhone 15 Plus (Pink, 256 GB)","₹96,990"
559,Kechaoda K112,"₹1,699"
560,Micromax J3,₹872
561,LAVA A3 VIBE,"₹1,309"
562,itel Ace2 Keypad Mobile| 1000 mAh Battery|Expandable Storage 32GB,₹849
563,"APPLE iPhone 15 (Pink, 128 GB)","₹76,990"
564,Cellecor E6+,"₹1,184"
565,Micromax X416,₹955
566,DIZO Star 500,"₹1,647"
567,"itel P40 (Luxurious Gold, 64 GB)","₹6,499"
568,itel it5027,"₹1,169"
569,IAIR S50 Dual Sim Keypad Phone | 2800 mAH Battery & Big 2.4 Inch Display,"₹1,499"
570,itel Power110Neo| 2500 mAh battery| Expandable Storage Upto 32GB,"₹1,199"
571,"itel A60 (VertMenthe, 32 GB)","₹5,999"
572,Micromax J3,₹872
573,"REDMI Note 12 Pro 5G (Onyx Black, 256 GB)","₹22,999"
574,"Tecno Spark Go 2023 (Endless Black, 64 GB)","₹6,970"
575,"Tecno Camon 19 Pro Multi-Colour Changing Back-Panel (Mondrian, 128 GB)","₹14,889"
576,Kechaoda K66 The Music House 4,"₹1,169"
577,itel MagicX 4G| 1200 mAh battery| Expanadable Storage upto 64GB,"₹1,749"
578,ringme R1Pro Bullet,₹899
579,"IQOO Z7S 5G (Norway Blue, 128 GB)","₹18,559"
580,"IQOO Z7S 5G (Pacific Night, 128 GB)","₹18,777"
581,"realme Narzo 50i Prime (Mint Green, 64 GB)","₹7,949"
582,"OPPO A17k (Navy Blue, 64 GB)","₹8,350"
583,Micromax J3,₹872
584,Snexian GURU 2173,₹609
585,Nokia 106,"₹1,349"
586,"SAMSUNG GALAXY M13 (Stardust Brown, 64 GB)","₹8,949"
587,"IQOO Z7s 5G (?Pacific Night, 128 GB)","₹17,568"
588,"realme Narzo 50i Prime (Dark Blue, 64 GB)","₹7,949"
589,"APPLE iPhone 15 Pro (Blue Titanium, 128 GB)","₹1,31,990"
590,"realme Narzo 60X 5G (Nebula Purple, 128 GB)","₹13,198"
591,"itel A60 (SapphireBlack, 32 GB)","₹5,589"
592,"Nokia 106 4G Keypad Mobile, Long-Lasting Battery, MicroSD Card Slot","₹2,599"
593,GREENBERRI G370,₹999
594,Nokia 106,"₹1,349"
595,itel Ace2 lite Keypad Mobile| 1000 mAh Battery|Expandable Storage 32GB,₹896
596,"POCO X5 5G (Wildcat Blue, 128 GB)","₹13,999"
597,"OPPO Reno10 Pro+ 5G (Glossy Purple, 256 GB)","₹54,999"
598,Kechaoda A26_Pink,₹975
599,LAVA A7 Torch,"₹1,488"
600,KARBONN K9 Mini,"₹1,057"
601,"SAMSUNG Galaxy A14 5G (Dark Red, 128 GB)","₹16,999"
602,"OPPO A79 5G (Mystery Black, 128 GB)","₹19,999"
603,"APPLE iPhone 15 Plus (Yellow, 128 GB)","₹86,990"
604,"OPPO A79 5G (Glowing Green, 128 GB)","₹19,999"
605,Kechaoda 888,"₹1,775"
606,"vivo Y100 5G (Metal Black, 128 GB)","₹29,999"
607,"MOTOROLA e13 (Creamy White, 64 GB)","₹6,499"
608,SAREGAMA Carvaan Mobile M21 with 1500 pre-loaded songs,"₹2,490"
609,"APPLE iPhone 15 (Blue, 256 GB)","₹86,990"
610,LAVA Hero 600i,₹925
611,"Tecno Pova 5 45W Ultra Fast Charging 6000mAh Big Battery 3D Textured Design 6.78 FHD (Amber Gold, 128 ...","₹12,239"
612,"APPLE iPhone 13 (Pink, 128 GB)","₹59,900"
613,"REDMI 10 Power (Sporty Orange, 128 GB)","₹11,876"
614,"SAMSUNG Galaxy Z Fold5 (Icy Blue, 256 GB)","₹1,54,999"
615,"APPLE iPhone 15 (Yellow, 128 GB)","₹76,990"
616,Kechaoda K60,"₹1,799"
617,"Tecno Pova 5 45W Ultra Fast Charging 6000mAh Big Battery 3D Textured Design 6.78 FHD (Hurricane Blue, ...","₹12,239"
618,"APPLE iPhone 15 Plus (Blue, 128 GB)","₹86,990"
619,"OPPO A78 (Aqua Green, 128 GB)","₹14,551"
620,LAVA A1 Josh BOL,"₹1,027"
621,Kechaoda K103,"₹1,299"
622,"REDMI 9i Sport (Coral Green, 64 GB)","₹8,699"
623,I Kall K3310,₹729
624,"SAMSUNG Galaxy A03 Core (Onyx, 32 GB)","₹6,694"
625,"APPLE iPhone 13 (Midnight, 128 GB)","₹59,900"
626,Micromax X809,"₹1,265"
627,"APPLE iPhone 14 (Blue, 512 GB)","₹89,999"
628,"APPLE iPhone 13 (Blue, 128 GB)","₹59,900"
629,"itel Vision3 (Deep Ocean Black, 32 GB)","₹6,099"
630,"APPLE iPhone 15 Pro Max (Black Titanium, 256 GB)","₹1,56,990"
631,"APPLE iPhone 15 Pro Max (Natural Titanium, 256 GB)","₹1,56,990"
632,"Google Pixel 6a (Charcoal, 128 GB)","₹27,999"
633,Cellecor E6+,"₹1,169"
634,"Nokia G11 Plus DS 50MP Camera, 8MP+2MP Dual Front Camera (Blue, 64 GB)","₹8,399"
635,I Kall K3310,₹729
636,"REDMI 12 5G (Jade Black, 256 GB)","₹15,643"
637,"REDMI 12C (Mint Green, 64 GB)","₹7,999"
638,Kechaoda K66 The Music House 4,"₹1,170"
639,"Tecno Spark Go 2023 (Nebula Purple, 64 GB)","₹6,970"
640,"REDMI Note 11 (Horizon Blue, 64 GB)","₹11,999"
641,"REDMI Note 12 Pro 5G (Onyx Black, 128 GB)","₹20,999"
642,"Micromax IN Note 1 (Green, 64 GB)","₹7,390"
643,"SAMSUNG Galaxy Z Flip5 (Mint, 256 GB)","₹99,999"
644,"Tecno Spark Go 2023 (Endless Black, 64 GB)","₹7,148"
645,"APPLE iPhone 15 Plus (Pink, 128 GB)","₹86,990"
646,KARBONN k9 jumbo,"₹1,350"
647,"Google Pixel 6a (Chalk, 128 GB)","₹27,999"
648,"itel S23 (Sky Blue, 128 GB)","₹7,649"
649,"vivo Y100 5G (Pacific Blue, 128 GB)","₹19,990"
650,I Kall K100,₹719
651,Jio B1 Keypad Phone (UPI) Locked,"₹1,573"
652,"OPPO A17 (Sunlight Orange, 64 GB)","₹11,499"
653,Kechaoda K116,"₹1,130"
654,KARBONN KX 29,"₹1,405"
655,KARBONN KX 29,"₹1,409"
656,Micromax X809,"₹1,267"
657,KARBONN KX 29,"₹1,508"
658,"Google Pixel 6a (Chalk, 128 GB)","₹27,999"
659,"SAMSUNG Galaxy F13 (Sunrise Copper, 128 GB)","₹9,199"
660,"REDMI 12C (Royal Blue, 64 GB)","₹7,999"
661,KARBONN K9 Mini,"₹1,057"
662,Kechaoda K66 The Music House 4,"₹1,170"
663,"I Kall S2 Star (Dark Purple, 128 GB)","₹9,499"
664,Kechaoda A26_Grey,₹975
665,"APPLE iPhone 13 (Blue, 128 GB)","₹59,900"
666,"MOTOROLA g84 5G (Midnight Blue, 256 GB)","₹18,999"
667,Micromax X809,"₹1,265"
668,"POCO F5 5G (Electric Blue, 256 GB)","₹30,999"
669,"Nokia 225 4G DS Keypad Mobile with Long Battery Life,Built-in Camera","₹3,479"
670,"realme Narzo 60 pro 5G (Cosmic Black, 256 GB)","₹25,948"
671,Nokia 150 DS 2023,"₹2,799"
672,"itel Vision3 (Deep Ocean Black, 32 GB)","₹6,099"
673,itel iPower 430 Triple sim|2500 mAh Battery|Expandable Storage upto 32GB,"₹1,549"
674,"SAMSUNG Galaxy A23 5G (Light Blue, 128 GB)","₹21,999"
675,LAVA GEM POWER,"₹1,709"
676,LAVA GEM POWER,"₹1,709"
677,"REDMI Note 11 (Horizon Blue, 64 GB)","₹11,999"
678,itel iPower 430 Triple sim|2500 mAh Battery|Expandable Storage upto 32GB,"₹1,549"
679,LAVA 34 Ultra,"₹1,599"
680,I Kall K3310,₹729
681,"APPLE iPhone 15 Plus (Green, 128 GB)","₹86,990"
682,Cellecor E6+,"₹1,169"
683,"OPPO F21s Pro (Dawnlight Gold, 128 GB)","₹19,950"
684,KARBONN K9 Punch,"₹1,390"
685,IAIR Y57 Dual Sim Keypad Phone | 2800 mAH Battery & Big 2.8 Inch Display,"₹1,499"
686,"SAMSUNG Galaxy A03 Core (Onyx, 32 GB)","₹6,694"
687,LAVA A3,"₹1,330"
688,itel SG400 Keypad Mobile Phone with 9.8mm Ultra Slim Design 2.4 inch Display UPI Pay,"₹1,499"
689,UiSmart Ui-06,"₹1,650"
690,UiSmart Ui-06,"₹1,599"
691,Kechaoda K66 The Music House 4,"₹1,170"
692,Nokia 105 SS 2021,"₹1,350"
693,"I Kall S1 Plus (Golden, 128 GB)","₹9,999"
694,"itel P40 Plus (Force Black, 128 GB)","₹7,699"
695,"POCO X5 5G (Jaguar Black, 128 GB)","₹13,999"
696,"APPLE iPhone 13 (Midnight, 128 GB)","₹59,900"
697,"Tecno Spark Go 2023 6.56 HD+Display 13MP Dual Camera (UYUNI BLUE, 64 GB)","₹7,399"
698,I Kall K3310,₹729
699,"SAMSUNG Galaxy M14 5G (Smoky Teal, 128 GB)","₹12,524"
700,"I Kall S2 Pro (Flash Blue, 128 GB)","₹9,489"
701,"Tecno Spark Go 2023 (Nebula Purple, 64 GB)","₹6,996"
702,Kechaoda K60,"₹1,799"
703,Kechaoda K55,"₹1,094"
704,"APPLE iPhone 15 Pro Max (White Titanium, 512 GB)","₹1,76,990"
705,"Nokia C01 Plus (Grey, 32 GB)","₹5,499"
706,itel Muzik 110| 1900 mAh battery| Expandable Storage upto 32GB,"₹1,248"
707,itel Muzik 110| 1900 mAh battery| Expandable Storage upto 32GB,"₹1,248"
708,"Nokia C32 (Charcoal, 128 GB)","₹8,499"
709,"POCO M6 Pro 5G (Power Black, 64 GB)","₹10,999"
710,"REDMI 10A SPORT (CHARCOAL BLACK, 128 GB)","₹9,889"
711,Good One 2192,"₹1,099"
712,"I Kall K-510 (Purple, 32 GB)","₹4,999"
713,"Nokia C32 (Breezy Mint, 64 GB)","₹7,999"
714,"itel A60S (Glacier Green, 128 GB)","₹6,797"
715,itel SG400 Keypad Mobile Phone with 9.8mm Ultra Slim Design 2.4 inch Display UPI Pay,"₹1,499"
716,"SAMSUNG Galaxy Z Flip5 (Lavender, 256 GB)","₹99,999"
717,"APPLE iPhone 13 (Pink, 128 GB)","₹59,900"
718,"REDMI A2 (Classic Black, 32 GB)","₹5,899"
719,itel Muzik 110| 1900 mAh battery| Expandable Storage upto 32GB,"₹1,247"
720,Snexian Guru 106,₹642
721,"SAMSUNG Galaxy Z Fold5 (Cream, 256 GB)","₹1,54,999"
722,Nokia 105,"₹1,699"
723,Nokia 105,"₹1,699"
724,"APPLE iPhone 14 ((PRODUCT)RED, 512 GB)","₹89,999"
725,Nokia 105,"₹1,699"
726,"SAMSUNG GALAXY M13 (Stardust Brown, 128 GB)","₹12,040"
727,"OPPO F21s Pro 5G (Starlight Black, 128 GB)","₹22,999"
728,"OPPO F21 Pro (Sunset Orange, 128 GB)","₹18,350"
729,"itel P40 (Luxurious Gold, 32 GB)","₹5,999"
730,"itel P40 (Dreamy Blue, 32 GB)","₹5,999"
731,"REDMI 9i Sport (Metallic Blue, 64 GB)","₹8,699"
732,"MOTOROLA Edge 30 (Aurora Green, 128 GB)","₹22,999"
733,"Tecno Pop 7 pro Uyuni 12MP Dual Camera B29 (?Uyuni Blue, 64 GB)","₹6,390"
734,Kechaoda K-55 Plus,"₹1,108"
735,"APPLE iPhone 15 Pro Max (Blue Titanium, 256 GB)","₹1,56,990"
736,"Nokia 8210 4G Volte keypad Phone with Dual SIM, Big Display, MP3 Player","₹3,849"
737,itel iPower 430 Triple sim|2500 mAh Battery|Expandable Storage upto 32GB,"₹1,549"
738,MTR Ferrari,"₹1,350"
739,Kechaoda K-55 Plus,"₹1,108"
740,ringme R10,₹699
741,"Xiaomi 11i 5G (Purple Mist, 128 GB)","₹22,999"
742,"LAVA Blaze (Glass Green, 64 GB)","₹6,539"
743,"Nokia 105 Dual Sim, Keypad Mobile Phone with Wireless FM Radio","₹1,475"
744,"OnePlus Nord CE3 5G (Grey Shimmer, 128 GB)","₹24,900"
745,"OnePlus Nord CE3 5G (Grey Shimmer, 256 GB)","₹28,890"
746,"SAMSUNG Galaxy A23 5G (Light Blue, 128 GB)","₹21,999"
747,Snexian GURU 312,₹699
748,"SAMSUNG Galaxy S23 5G (Lavender, 256 GB)","₹79,999"
749,Kechaoda K55,"₹1,299"
750,itel U30 keypad Mobile|1200 mAh battery|Expandable Storage Upto 32GB,₹998
751,Kechaoda A26_Grey,₹975
752,"APPLE iPhone 15 Pro (White Titanium, 256 GB)","₹1,41,990"
753,"SAMSUNG Galaxy M14 5G (Smoky Teal, 128 GB)","₹12,524"
754,Kechaoda K10,₹969
755,Jmax Super 7,₹753
756,"SAMSUNG Galaxy S23 5G (Phantom Black, 256 GB)","₹79,999"
757,Kechaoda K33,"₹1,120"
758,"SAMSUNG Galaxy M14 5G (Berry Blue, 128 GB)","₹13,339"
759,"Tecno Spark 10 Pro 50MP Dual Rear Camera (Lunar Eclipse, 128 GB)","₹10,989"
760,LAVA A1 Josh,"₹1,085"
761,Kechaoda K9,"₹1,399"
762,DIZO Star 300,"₹1,220"
763,"itel P40 (Dreamy Blue, 64 GB)","₹6,499"
764,"REDMI Note 12 5G (Sunrise Gold, 256 GB)","₹18,999"
765,"OnePlus 11 5G (Marble Odyssey, 256 GB)","₹60,499"
766,KARBONN Y1,₹969
767,KARBONN Y1,₹969
768,KARBONN Y1,₹969
769,"itel Aura 05i|Leather Finish|4000 Mah Battery|Type C Charging Support (Crystal Blue, 32 GB)","₹5,649"
770,"vivo Y01 (Elegant Black, 32 GB)","₹8,500"
771,"realme 10 Pro+ 5G (Hyperspace, 128 GB)","₹24,999"
772,"APPLE iPhone 15 Pro (Natural Titanium, 128 GB)","₹1,31,990"
773,Nokia 150 DS 2023,"₹2,799"
774,Snexian ROCK Z,"₹2,800"
775,Snexian ROCK Z,"₹2,800"
776,"LAVA Blaze 1X 5G (Glass Green, 128 GB)","₹12,317"
777,itel iPower 430 Triple sim|2500 mAh Battery|Expandable Storage upto 32GB,"₹1,549"
778,itel it5026 Keypad Mobile|1200 mAh battery|Expandable Storage upto 32GB,"₹1,199"
779,"LAVA Blaze 1X 5G (Glass Blue, 128 GB)","₹12,498"
780,KARBONN KX3 STAR,₹999
781,KARBONN KX3 STAR,₹998
782,itel SG400 Keypad Mobile Phone with 9.8mm Ultra Slim Design 2.4 inch Display UPI Pay,"₹1,499"
783,"APPLE iPhone 15 (Green, 256 GB)","₹86,990"
784,ringme me310,₹629
785,"realme Narzo 60 pro 5G (Cosmic Black, 256 GB)","₹25,948"
786,"Infinix Zero 5G 2023 TURBO (Coral Orange, 256 GB)","₹17,999"
787,KARBONN K-Phone 1,"₹1,467"
788,Kechaoda K10,"₹1,090"
789,Kechaoda K9,"₹1,149"
790,"I Kall S1 Plus (Golden, 128 GB)","₹9,999"
791,"itel Vision2S (Gradation Purple, 32 GB)","₹5,650"
